month_date,license_class,trips_per_day,farebox_per_day,unique_drivers,unique_vehicles,vehicles_per_day,avg_days_vehicles_on_road,avg_hours_per_day_per_vehicle,avg_days_drivers_on_road,avg_hours_per_day_per_driver,avg_minutes_per_trip,percent_of_trips_paid_with_credit_card,trips_per_day_shared,date,month_year1,trips_per_month,farebox_per_month,week,trips_per_week,year,farebox_per_week,total_trips_per_day,shared_trips_per_day_percent
2015-01-28,FHVHV,60357,0,13153,12544,7265,18.0,5.4,17.6,5.3,0.0,0.0,0,2015-01,2015-01,1871067,0,04,422499,2015,0,60357,0.0
2015-02-28,FHVHV,77796,0,14180,13531,8402,17.4,5.8,17.1,5.8,0.0,0.0,0,2015-02,2015-02,2178288,0,08,544572,2015,0,77796,0.0
2015-03-28,FHVHV,72889,0,14995,14290,8579,18.6,5.5,18.2,5.5,0.0,0.0,0,2015-03,2015-03,2259559,0,12,510223,2015,0,72889,0.0
2015-04-28,FHVHV,82498,0,16473,16006,9711,18.2,5.6,17.8,5.5,0.0,0.0,0,2015-04,2015-04,2474940,0,17,577486,2015,0,82498,0.0
2015-05-28,FHVHV,94103,0,19076,14122,8120,17.8,5.4,18.0,5.6,0.0,0.0,0,2015-05,2015-05,2917193,0,21,658721,2015,0,94103,0.0
2015-06-28,FHVHV,102793,0,20452,19840,12089,18.3,5.6,17.9,5.5,0.0,0.0,0,2015-06,2015-06,3083790,0,25,719551,2015,0,102793,0.0
2015-07-28,FHVHV,112207,0,22070,22646,13358,18.3,5.5,17.5,5.4,0.0,0.0,0,2015-07,2015-07,3478417,0,30,785449,2015,0,112207,0.0
2015-08-28,FHVHV,123807,0,25085,24452,14485,18.4,5.6,18.0,5.5,0.0,0.0,0,2015-08,2015-08,3838017,0,34,866649,2015,0,123807,0.0
2015-09-28,FHVHV,144300,0,26914,26050,15814,18.2,5.8,17.8,5.7,0.0,0.0,0,2015-09,2015-09,4329000,0,39,1010100,2015,0,144300,0.0
2015-10-28,FHVHV,163168,0,29151,28002,17701,19.6,5.8,19.1,5.7,0.0,0.0,0,2015-10,2015-10,5058208,0,43,1142176,2015,0,163168,0.0
2015-11-28,FHVHV,163178,0,30119,28845,18141,18.9,5.7,18.4,5.6,0.0,0.0,0,2015-11,2015-11,4895340,0,47,1142246,2015,0,163178,0.0
2015-12-28,FHVHV,168786,0,31249,30010,18733,19.4,5.6,19.0,5.6,0.0,0.0,0,2015-12,2015-12,5232366,0,52,1181502,2015,0,168786,0.0
2016-01-28,FHVHV,166805,0,32497,32056,19007,18.5,5.5,18.2,5.5,0.0,0.0,0,2016-01,2016-01,5170955,0,04,1167635,2016,0,166805,0.0
2016-02-28,FHVHV,201940,0,32348,31921,19596,17.9,5.9,17.7,5.9,0.0,0.0,0,2016-02,2016-02,5856260,0,08,1413580,2016,0,201940,0.0
2016-03-28,FHVHV,195837,0,31716,32016,19685,19.2,5.8,19.0,5.7,0.0,0.0,0,2016-03,2016-03,6070947,0,13,1370859,2016,0,195837,0.0
2016-04-28,FHVHV,217147,0,34250,33518,20967,18.9,6.1,18.5,6.0,0.0,0.0,0,2016-04,2016-04,6514410,0,17,1520029,2016,0,217147,0.0
2016-05-28,FHVHV,226667,0,36443,35611,21717,19.0,6.1,18.7,6.0,0.0,0.0,0,2016-05,2016-05,7026677,0,21,1586669,2016,0,226667,0.0
2016-06-28,FHVHV,242233,0,38771,37615,23824,19.0,6.0,18.7,5.9,0.0,0.0,0,2016-06,2016-06,7266990,0,26,1695631,2016,0,242233,0.0
2016-07-28,FHVHV,252701,0,40398,38843,23844,19.0,6.0,18.5,5.9,0.0,0.0,0,2016-07,2016-07,7833731,0,30,1768907,2016,0,252701,0.0
2016-08-28,FHVHV,263457,0,45496,43375,25589,18.3,5.9,17.7,5.8,0.0,0.0,0,2016-08,2016-08,8167167,0,34,1844199,2016,0,263457,0.0
2016-09-28,FHVHV,292548,0,48448,46308,28684,18.6,6.0,18.0,5.8,0.0,0.0,0,2016-09,2016-09,8776440,0,39,2047836,2016,0,292548,0.0
2016-10-28,FHVHV,310749,0,49545,47758,30097,19.5,6.0,19.0,5.9,0.0,0.0,0,2016-10,2016-10,9633219,0,43,2175243,2016,0,310749,0.0
2016-11-28,FHVHV,318664,0,50932,49110,30921,18.9,5.9,18.4,5.8,0.0,0.0,0,2016-11,2016-11,9559920,0,48,2230648,2016,0,318664,0.0
2016-12-28,FHVHV,347858,0,53130,50955,32336,19.7,6.1,19.1,6.0,0.0,0.0,0,2016-12,2016-12,10783598,0,52,2435006,2016,0,347858,0.0
2017-01-28,FHVHV,344972,0,54665,52538,32782,19.3,6.0,18.9,5.9,0.0,0.0,0,2017-01,2017-01,10694132,0,04,2414804,2017,0,344972,0.0
2017-02-28,FHVHV,375693,0,55552,53577,34850,18.2,6.1,17.8,6.0,0.0,0.0,0,2017-02,2017-02,10519404,0,09,2629851,2017,0,375693,0.0
2017-03-28,FHVHV,402938,0,56768,54836,35619,20.1,6.2,19.7,6.1,0.0,0.0,0,2017-03,2017-03,12491078,0,13,2820566,2017,0,402938,0.0
2017-04-28,FHVHV,393918,0,58963,57181,36750,19.3,6.0,18.9,6.0,0.0,0.0,0,2017-04,2017-04,11817540,0,17,2757426,2017,0,393918,0.0
2017-05-28,FHVHV,399546,0,61532,59795,38015,19.7,5.9,19.4,5.9,0.0,0.0,0,2017-05,2017-05,12385926,0,21,2796822,2017,0,399546,0.0
2017-06-28,FHVHV,420017,0,63721,62331,40408,19.5,5.9,19.2,5.8,21.0,0.0,63620,2017-06,2017-06,12600510,0,26,2940119,2017,0,483637,0.13
2017-07-28,FHVHV,421285,0,65178,63604,40679,19.8,6.0,19.6,5.9,20.0,0.0,68756,2017-07,2017-07,13059835,0,30,2948995,2017,0,490041,0.14
2017-08-28,FHVHV,429691,0,65522,64054,41372,20.0,6.0,19.8,6.0,20.0,0.0,76026,2017-08,2017-08,13320421,0,35,3007837,2017,0,505717,0.15
2017-09-28,FHVHV,468318,0,67408,65690,43120,19.7,6.2,19.4,6.1,20.0,0.0,84200,2017-09,2017-09,14049540,0,39,3278226,2017,0,552518,0.15
2017-10-28,FHVHV,492028,0,69303,67653,45234,20.7,6.1,20.4,6.1,20.0,0.0,92641,2017-10,2017-10,15252868,0,43,3444196,2017,0,584669,0.16
2017-11-28,FHVHV,517191,0,69948,68521,46232,20.2,6.2,20.0,6.1,20.0,0.0,107750,2017-11,2017-11,15515730,0,48,3620337,2017,0,624941,0.17
2017-12-28,FHVHV,553632,0,71671,70194,46799,20.7,6.3,20.5,6.2,20.0,0.0,118649,2017-12,2017-12,17162592,0,52,3875424,2017,0,672281,0.18
2018-01-28,FHVHV,555031,0,72719,71484,46403,20.1,6.2,19.9,6.1,18.0,0.0,126738,2018-01,2018-01,17205961,0,04,3885217,2018,0,681769,0.19
2018-02-28,FHVHV,603801,0,72893,71731,48772,19.0,6.3,18.9,6.3,19.0,0.0,140622,2018-02,2018-02,16906428,0,09,4226607,2018,0,744423,0.19
2018-03-28,FHVHV,624601,0,74288,72691,49102,20.9,6.4,20.7,6.3,19.0,0.0,157162,2018-03,2018-03,19362631,0,13,4372207,2018,0,781763,0.2
2018-04-28,FHVHV,616450,0,75879,74273,49959,20.2,6.3,20.0,6.2,20.0,0.0,160806,2018-04,2018-04,18493500,0,17,4315150,2018,0,777256,0.21
2018-05-28,FHVHV,620950,0,77775,76382,51355,20.8,6.3,20.7,6.2,20.0,0.0,148036,2018-05,2018-05,19249450,0,22,4346650,2018,0,768986,0.19
2018-06-28,FHVHV,626423,0,78862,77460,51728,20.0,6.3,19.9,6.2,20.0,0.0,143298,2018-06,2018-06,18792690,0,26,4384961,2018,0,769721,0.19
2018-07-28,FHVHV,630977,0,79945,78100,51565,20.5,6.3,20.3,6.2,20.0,0.0,163171,2018-07,2018-07,19560287,0,30,4416839,2018,0,794148,0.21
2018-08-28,FHVHV,642341,0,80363,78545,51804,20.4,6.4,20.3,6.3,20.0,0.0,168299,2018-08,2018-08,19912571,0,35,4496387,2018,0,810640,0.21
2018-09-28,FHVHV,658952,0,82782,80536,53842,20.1,6.4,19.8,6.3,20.0,0.0,148283,2018-09,2018-09,19768560,0,39,4612664,2018,0,807235,0.18
2018-10-28,FHVHV,680433,0,84660,82247,56538,21.3,6.3,21.0,6.2,21.0,0.0,176348,2018-10,2018-10,21093423,0,43,4763031,2018,0,856781,0.21
2018-11-28,FHVHV,691379,0,85496,83271,56908,20.5,6.3,20.3,6.2,20.0,0.0,160672,2018-11,2018-11,20741370,0,48,4839653,2018,0,852051,0.19
2018-12-28,FHVHV,701180,0,86788,85146,56844,20.7,6.3,20.6,6.2,20.0,0.0,164666,2018-12,2018-12,21736580,0,52,4908260,2018,0,865846,0.19
2019-01-28,FHVHV,683692,0,86715,84698,56530,20.7,6.2,20.5,6.1,18.0,0.0,157678,2019-01,2019-01,21194452,0,04,4785844,2019,0,841370,0.19
2019-02-28,FHVHV,719853,0,86296,85403,58980,19.5,6.3,19.4,6.2,18.0,0.0,171912,2019-02,2019-02,20155884,0,08,5038971,2019,0,891765,0.19
2019-03-28,FHVHV,769729,0,87695,86540,59893,21.6,6.4,21.5,6.4,19.0,0.0,157704,2019-03,2019-03,23861599,0,12,5388103,2019,0,927433,0.17
2019-04-28,FHVHV,724388,0,87779,86463,59121,20.6,6.3,20.5,6.2,19.0,0.0,141734,2019-04,2019-04,21731640,0,16,5070716,2019,0,866122,0.16
2019-05-28,FHVHV,720263,0,87719,86391,59902,21.6,6.2,21.5,6.2,19.0,0.0,124106,2019-05,2019-05,22328153,0,21,5041841,2019,0,844369,0.15
2019-06-28,FHVHV,700036,0,87131,85712,58847,20.7,6.3,20.6,5.8,19.0,0.0,101645,2019-06,2019-06,21001080,0,25,4900252,2019,0,801681,0.13
2019-07-28,FHVHV,654230,0,85896,84609,57048,21.0,6.2,20.9,6.1,18.0,0.0,104074,2019-07,2019-07,20281130,0,29,4579610,2019,0,758304,0.14
2019-08-28,FHVHV,648961,0,83709,82693,55289,20.8,6.3,20.8,6.2,18.0,0.0,104983,2019-08,2019-08,20117791,0,34,4542727,2019,0,753944,0.14
2019-09-28,FHVHV,668520,0,84306,82206,56795,20.7,6.4,20.5,6.2,19.0,0.0,107780,2019-09,2019-09,20055600,0,38,4679640,2019,0,776300,0.14
2019-10-28,FHVHV,682635,0,83865,82051,57764,21.8,6.4,21.7,6.3,19.0,0.0,107676,2019-10,2019-10,21161685,0,43,4778445,2019,0,790311,0.14
2019-11-28,FHVHV,721170,0,83017,81286,57241,21.1,6.5,21.0,6.4,19.0,0.0,103379,2019-11,2019-11,21635100,0,47,5048190,2019,0,824549,0.13
2019-12-28,FHVHV,717497,0,82527,80924,55796,21.4,6.5,21.0,6.4,18.0,0.0,93421,2019-12,2019-12,22242407,0,51,5022479,2019,0,810918,0.12
2020-01-28,FHVHV,663433,0,80725,79288,53606,21.0,6.2,20.9,6.1,17.0,0.0,90550,2020-01,2020-01,20566423,0,04,4644031,2020,0,753983,0.12
2020-02-28,FHVHV,749129,0,79282,78090,55139,20.5,6.6,20.5,6.5,17.0,0.0,97117,2020-02,2020-02,21724741,0,08,5243903,2020,0,846246,0.11
2020-03-28,FHVHV,432027,0,76604,75506,35735,14.7,6.1,14.6,6.0,16.0,0.0,41051,2020-03,2020-03,13392837,0,12,3024189,2020,0,473078,0.09
2020-04-28,FHVHV,143762,0,22390,22527,11544,15.4,6.1,15.6,6.1,13.0,0.0,0,2020-04,2020-04,4312860,0,17,1006334,2020,0,143762,0.0
2020-05-28,FHVHV,196447,0,27675,27881,16073,17.9,6.4,18.1,6.4,15.0,0.0,0,2020-05,2020-05,6089857,0,21,1375129,2020,0,196447,0.0
2020-06-28,FHVHV,251696,0,29832,30131,17665,17.6,7.1,17.9,7.0,16.0,0.0,0,2020-06,2020-06,7550880,0,25,1761872,2020,0,251696,0.0
2020-07-28,FHVHV,320999,0,38310,38380,21221,17.1,7.2,17.3,7.2,16.0,0.0,0,2020-07,2020-07,9950969,0,30,2246993,2020,0,320999,0.0
2020-08-28,FHVHV,357610,0,48984,48680,28731,18.3,6.7,18.4,6.6,17.0,0.0,0,2020-08,2020-08,11085910,0,34,2503270,2020,0,357610,0.0
2020-09-28,FHVHV,403515,0,50614,50419,31556,18.8,6.9,21.2,6.9,17.5,0.0,0,2020-09,2020-09,12105450,0,39,2824605,2020,0,403515,0.0
2020-10-28,FHVHV,427396,0,52379,52290,33969,20.1,6.8,20.3,6.7,17.0,0.0,0,2020-10,2020-10,13249276,0,43,2991772,2020,0,427396,0.0
2020-11-28,FHVHV,386122,0,52996,52928,34062,19.3,6.4,19.5,6.4,16.0,0.0,0,2020-11,2020-11,11583660,0,47,2702854,2020,0,386122,0.0
2020-12-28,FHVHV,374990,0,51525,51534,32488,19.5,6.5,19.7,6.5,16.0,0.0,0,2020-12,2020-12,11624690,0,52,2624930,2020,0,374990,0.0
2021-01-28,FHVHV,383932,0,47622,47592,28582,18.6,6.9,18.7,6.8,15.0,0.0,0,2021-01,2021-01,11901892,0,04,2687524,2021,0,383932,0.0
2021-02-28,FHVHV,414755,0,47206,47267,28637,17.0,7.1,17.1,7.1,16.0,0.0,0,2021-02,2021-02,11613140,0,08,2903285,2021,0,414755,0.0
2021-03-28,FHVHV,458777,0,52117,51751,31630,18.9,7.1,19.0,7.0,17.0,0.0,0,2021-03,2021-03,14222087,0,12,3211439,2021,0,458777,0.0
2021-04-28,FHVHV,470299,0,54481,53741,33356,18.6,7.0,18.5,6.9,17.0,0.0,0,2021-04,2021-04,14108970,0,17,3292093,2021,0,470299,0.0
2021-05-28,FHVHV,474753,0,56869,56102,34401,19.0,6.9,18.9,6.9,18.0,0.0,0,2021-05,2021-05,14717343,0,21,3323271,2021,0,474753,0.0
2021-06-28,FHVHV,498641,0,58797,57856,36922,19.1,6.9,19.0,6.9,19.0,0.0,124,2021-06,2021-06,14959230,0,26,3490487,2021,0,498765,0.0
2021-07-28,FHVHV,484692,0,59730,58604,36032,19.1,6.8,18.9,6.7,18.0,0.0,635,2021-07,2021-07,15025452,0,30,3392844,2021,0,485327,0.0
2021-08-28,FHVHV,467608,0,59813,58750,35253,18.6,6.7,18.5,6.7,18.0,0.0,723,2021-08,2021-08,14495848,0,34,3273256,2021,0,468331,0.0
2021-09-28,FHVHV,423584,0,64747,63416,34903,16.5,6.5,16.4,6.5,19.0,0.0,716,2021-09,2021-09,12707520,0,39,2965088,2021,0,424300,0.0
2021-10-28,FHVHV,533613,0,68926,66933,44406,20.6,6.6,20.3,6.5,19.0,0.0,277,2021-10,2021-10,16542003,0,43,3735291,2021,0,533890,0.0
2021-11-28,FHVHV,534718,0,69410,67433,44979,20.0,6.5,19.7,6.4,19.0,0.0,0,2021-11,2021-11,16041540,0,47,3743026,2021,0,534718,0.0
2021-12-28,FHVHV,517884,0,70302,68257,44289,20.1,6.4,19.8,6.3,18.0,0.0,0,2021-12,2021-12,16054404,0,52,3625188,2021,0,517884,0.0
2022-01-28,FHVHV,475854,0,68531,66855,41326,19.2,6.3,18.9,6.2,17.0,0.0,0,2022-01,2022-01,14751474,0,04,3330978,2022,0,475854,0.0
2022-02-28,FHVHV,572114,0,68998,67536,46279,19.2,6.6,19.0,6.5,18.0,0.0,0,2022-02,2022-02,16019192,0,09,4004798,2022,0,572114,0.0
2022-03-28,FHVHV,595270,0,71667,69702,48364,21.5,6.7,21.2,6.6,18.0,0.0,0,2022-03,2022-03,18453370,0,13,4166890,2022,0,595270,0.0
2022-04-28,FHVHV,591746,0,72244,70281,48410,20.7,6.5,20.4,6.4,19.0,0.0,0,2022-04,2022-04,17752380,0,17,4142222,2022,0,591746,0.0
2022-05-28,FHVHV,585714,0,73287,71059,47877,20.9,6.6,20.6,6.5,20.0,0.0,0,2022-05,2022-05,18157134,0,21,4099998,2022,0,585714,0.0
2022-06-28,FHVHV,592656,0,74020,71552,49341,20.7,6.6,20.3,6.5,20.0,0.0,133,2022-06,2022-06,17779680,0,26,4148592,2022,0,592789,0.0
2022-07-28,FHVHV,563347,0,73321,71036,46798,20.4,6.5,20.1,6.4,19.0,0.0,853,2022-07,2022-07,17463757,0,30,3943429,2022,0,564200,0.0
2022-08-28,FHVHV,554361,0,72640,70497,46996,20.7,6.5,20.4,6.4,19.0,0.0,466,2022-08,2022-08,17185191,0,34,3880527,2022,0,554827,0.0
2022-09-28,FHVHV,593114,0,75194,72616,49980,20.6,6.6,20.3,6.5,20.0,0.0,443,2022-09,2022-09,17793420,0,39,4151798,2022,0,593557,0.0
2022-10-28,FHVHV,622770,0,76651,73747,51532,21.7,6.6,21.2,6.5,20.0,0.0,3573,2022-10,2022-10,19305870,0,43,4359390,2022,0,626343,0.01
2022-11-28,FHVHV,602859,0,77233,74246,51703,20.9,6.5,20.5,6.3,19.0,0.0,9336,2022-11,2022-11,18085770,0,48,4220013,2022,0,612195,0.02
2022-12-28,FHVHV,634379,0,78091,74877,52087,21.6,6.6,21.1,6.4,19.0,0.0,10672,2022-12,2022-12,19665749,0,52,4440653,2022,0,645051,0.02
2023-01-28,FHVHV,596095,0,77641,74553,50996,21.2,6.4,20.7,6.3,18.0,0.0,9998,2023-01,2023-01,18478945,0,04,4172665,2023,0,606093,0.02
2013-08-28,Green,283,4028,129,114,33,7.3,5.4,6.8,5.1,11.4,0.3,0,2013-08,2013-08,8773,124868,34,1981,2013,28196,283,0.0
2013-09-28,Green,1632,23087,478,445,159,10.7,6.3,10.2,6.2,12.7,0.34,0,2013-09,2013-09,48960,692610,38,11424,2013,161609,1632,0.0
2013-10-28,Green,5477,74128,1261,1128,500,13.7,6.6,12.8,6.3,12.4,0.33,0,2013-10,2013-10,169787,2297968,43,38339,2013,518896,5477,0.0
2013-11-28,Green,12692,168976,2160,1754,1044,17.9,7.1,15.5,6.6,12.3,0.34,0,2013-11,2013-11,380760,5069280,47,88844,2013,1182832,12692,0.0
2013-12-28,Green,19435,257398,3317,2736,1707,19.3,6.8,16.9,6.4,12.3,0.32,0,2013-12,2013-12,602485,7979338,51,136045,2013,1801786,19435,0.0
2014-01-28,Green,25923,331334,4564,3818,2409,19.6,6.5,17.2,6.1,11.9,0.35,0,2014-01,2014-01,803613,10271354,04,181461,2014,2319338,25923,0.0
2014-02-28,Green,35895,465192,5085,4207,3065,20.4,6.8,17.8,6.5,12.6,0.35,0,2014-02,2014-02,1005060,13025376,08,251265,2014,3256344,35895,0.0
2014-03-28,Green,41718,543542,5620,4566,3547,24.1,6.9,20.7,6.5,12.2,0.37,0,2014-03,2014-03,1293258,16849802,12,292026,2014,3804794,41718,0.0
2014-04-28,Green,43625,580228,5894,4811,3799,23.7,6.8,20.4,6.4,12.5,0.39,0,2014-04,2014-04,1308750,17406840,17,305375,2014,4061596,43625,0.0
2014-05-28,Green,45853,636698,6136,4957,3998,25.0,6.9,21.3,6.5,13.4,0.41,0,2014-05,2014-05,1421443,19737638,21,320971,2014,4456886,45853,0.0
2014-06-28,Green,44590,616892,6158,5069,4040,23.9,6.7,20.7,6.4,13.2,0.41,0,2014-06,2014-06,1337700,18506760,25,312130,2014,4318244,44590,0.0
2014-07-28,Green,41094,560319,6180,5130,3958,23.9,6.4,20.8,6.1,12.7,0.42,0,2014-07,2014-07,1273914,17369889,30,287658,2014,3922233,41094,0.0
2014-08-28,Green,43381,595477,6249,5136,3989,24.1,6.7,20.7,6.4,12.8,0.42,0,2014-08,2014-08,1344811,18459787,34,303667,2014,4168339,43381,0.0
2014-09-28,Green,45394,623638,6311,5202,4153,23.9,6.7,20.6,6.4,13.2,0.44,0,2014-09,2014-09,1361820,18709140,38,317758,2014,4365466,45394,0.0
2014-10-28,Green,48100,649348,6488,5347,4280,24.8,6.8,21.3,6.5,13.1,0.45,0,2014-10,2014-10,1491100,20129788,43,336700,2014,4545436,48100,0.0
2014-11-28,Green,51600,684927,6622,5558,4499,24.3,6.9,21.3,6.6,13.0,0.45,0,2014-11,2014-11,1548000,20547810,47,361200,2014,4794489,51600,0.0
2014-12-28,Green,53078,701885,6933,5812,4651,24.8,6.8,21.7,6.5,12.9,0.44,0,2014-12,2014-12,1645418,21758435,51,371546,2014,4913195,53078,0.0
2015-01-28,Green,48659,673523,6919,5897,4498,23.6,6.6,21.0,6.3,12.1,0.45,0,2015-01,2015-01,1508429,20879213,04,340613,2015,4714661,48659,0.0
2015-02-28,Green,56242,798649,6880,5984,4723,22.1,6.9,20.0,6.6,12.9,0.45,0,2015-02,2015-02,1574776,22362172,08,393694,2015,5590543,56242,0.0
2015-03-28,Green,55567,793672,7254,6221,4835,24.1,6.7,21.5,6.5,13.0,0.45,0,2015-03,2015-03,1722577,24603832,12,388969,2015,5555704,55567,0.0
2015-04-28,Green,55473,805698,7388,6378,5032,23.7,6.7,21.2,6.4,13.0,0.46,0,2015-04,2015-04,1664190,24170940,17,388311,2015,5639886,55473,0.0
2015-05-28,Green,57637,862099,7513,6508,5177,24.7,6.8,22.2,6.5,13.6,0.46,0,2015-05,2015-05,1786747,26725069,21,403459,2015,6034693,57637,0.0
2015-06-28,Green,54628,801215,7483,6539,5196,23.8,6.5,21.6,6.3,13.3,0.45,0,2015-06,2015-06,1638840,24036450,25,382396,2015,5608505,54628,0.0
2015-07-28,Green,49730,681299,7321,6473,4981,23.9,6.3,21.7,6.1,13.0,0.45,0,2015-07,2015-07,1541630,21120269,30,348110,2015,4769093,49730,0.0
2015-08-28,Green,49429,678711,7215,6404,4911,23.8,6.4,21.8,6.2,12.8,0.46,0,2015-08,2015-08,1532299,21040041,34,346003,2015,4750977,49429,0.0
2015-09-28,Green,49830,687469,7181,6403,4932,23.1,6.4,21.2,6.2,13.2,0.47,0,2015-09,2015-09,1494900,20624070,39,348810,2015,4812283,49830,0.0
2015-10-28,Green,52598,716779,7157,6396,5083,24.6,6.5,22.7,6.3,13.3,0.48,0,2015-10,2015-10,1630538,22220149,43,368186,2015,5017453,52598,0.0
2015-11-28,Green,50999,685908,7132,6342,5036,23.8,6.4,21.8,6.2,12.9,0.49,0,2015-11,2015-11,1529970,20577240,47,356993,2015,4801356,50999,0.0
2015-12-28,Green,51880,700319,7120,6342,5030,24.6,6.4,22.5,6.3,12.9,0.48,0,2015-12,2015-12,1608280,21709889,52,363160,2015,4902233,51880,0.0
2016-01-28,Green,46621,613966,6994,6253,4648,23.0,6.3,21.2,6.1,12.5,0.49,0,2016-01,2016-01,1445251,19032946,04,326347,2016,4297762,46621,0.0
2016-02-28,Green,52093,676135,6871,6165,4843,22.8,6.5,21.1,6.3,12.3,0.5,0,2016-02,2016-02,1510697,19607915,08,364651,2016,4732945,52093,0.0
2016-03-28,Green,50850,673269,6816,6043,4768,24.5,6.5,22.3,6.3,12.6,0.5,0,2016-03,2016-03,1576350,20871339,13,355950,2016,4712883,50850,0.0
2016-04-28,Green,51458,692778,6770,6021,4789,23.9,6.6,21.9,6.4,13.0,0.51,0,2016-04,2016-04,1543740,20783340,17,360206,2016,4849446,51458,0.0
2016-05-28,Green,49573,681032,6672,6008,4730,24.4,6.5,22.6,6.3,13.5,0.5,0,2016-05,2016-05,1536763,21111992,21,347011,2016,4767224,49573,0.0
2016-06-28,Green,46817,645016,6582,5959,4711,23.7,6.2,22.1,6.1,13.5,0.49,0,2016-06,2016-06,1404510,19350480,26,327719,2016,4515112,46817,0.0
2016-07-28,Green,42979,589602,6471,5868,4408,23.3,6.2,21.7,6.0,13.0,0.5,0,2016-07,2016-07,1332349,18277662,30,300853,2016,4127214,42979,0.0
2016-08-28,Green,40241,547786,6359,5774,4329,23.2,6.0,21.7,5.9,12.9,0.49,0,2016-08,2016-08,1247471,16981366,34,281687,2016,3834502,40241,0.0
2016-09-28,Green,38741,529544,6341,5690,4272,22.5,5.8,20.7,5.7,13.4,0.49,0,2016-09,2016-09,1162230,15886320,39,271187,2016,3706808,38741,0.0
2016-10-28,Green,40405,540913,6215,5604,4331,24.0,5.9,22.1,5.8,13.0,0.5,0,2016-10,2016-10,1252555,16768303,43,282835,2016,3786391,40405,0.0
2016-11-28,Green,38272,501128,6065,5513,4258,23.2,5.8,21.6,5.7,12.8,0.49,0,2016-11,2016-11,1148160,15033840,48,267904,2016,3507896,38272,0.0
2016-12-28,Green,39488,508205,5935,5399,4166,23.9,6.0,22.4,5.8,12.4,0.48,0,2016-12,2016-12,1224128,15754355,52,276416,2016,3557435,39488,0.0
2017-01-28,Green,34497,431323,5751,5277,3918,23.0,5.7,21.7,5.5,11.8,0.49,0,2017-01,2017-01,1069407,13371013,04,241479,2017,3019261,34497,0.0
2017-02-28,Green,36509,461734,5533,5089,3895,21.4,5.9,20.2,5.8,12.1,0.5,0,2017-02,2017-02,1022252,12928552,09,255563,2017,3232138,36509,0.0
2017-03-28,Green,37341,473888,5357,4923,3789,23.9,6.1,22.5,5.9,12.4,0.49,0,2017-03,2017-03,1157571,14690528,13,261387,2017,3317216,37341,0.0
2017-04-28,Green,36024,465532,5337,4844,3803,23.6,6.0,22.0,5.8,12.5,0.5,0,2017-04,2017-04,1080720,13965960,17,252168,2017,3258724,36024,0.0
2017-05-28,Green,34174,449352,5302,4823,3740,24.0,5.8,22.4,5.7,13.1,0.5,0,2017-05,2017-05,1059394,13929912,21,239218,2017,3145464,34174,0.0
2017-06-28,Green,32544,432850,5072,4686,3629,23.2,5.7,22.0,5.6,13.2,0.5,0,2017-06,2017-06,976320,12985500,26,227808,2017,3029950,32544,0.0
2017-07-28,Green,29503,391767,4969,4579,3463,23.4,5.7,22.2,5.5,12.6,0.5,0,2017-07,2017-07,914593,12144777,30,206521,2017,2742369,29503,0.0
2017-08-28,Green,27976,373385,4769,4384,3347,23.7,5.6,22.3,5.5,12.6,0.5,0,2017-08,2017-08,867256,11574935,35,195832,2017,2613695,27976,0.0
2017-09-28,Green,29409,402289,4693,4320,3337,23.2,5.8,21.9,5.7,13.3,0.51,0,2017-09,2017-09,882270,12068670,39,205863,2017,2816023,29409,0.0
2017-10-28,Green,29858,401160,4723,4287,3390,24.5,5.9,22.8,5.7,13.4,0.53,0,2017-10,2017-10,925598,12435960,43,209006,2017,2808120,29858,0.0
2017-11-28,Green,29136,386722,4601,4199,3320,23.7,5.8,22.2,5.7,13.2,0.53,0,2017-11,2017-11,874080,11601660,48,203952,2017,2707054,29136,0.0
2017-12-28,Green,29223,383355,4497,4117,3200,24.1,5.9,22.6,5.8,13.0,0.51,0,2017-12,2017-12,905913,11884005,52,204561,2017,2683485,29223,0.0
2018-01-28,Green,25564,331105,4377,4021,2983,23.0,5.7,21.6,5.5,12.8,0.53,0,2018-01,2018-01,792484,10264255,04,178948,2018,2317735,25564,0.0
2018-02-28,Green,27461,360001,4260,3920,3058,21.8,5.9,20.6,5.7,12.9,0.55,0,2018-02,2018-02,768908,10080028,09,192227,2018,2520007,27461,0.0
2018-03-28,Green,26967,374253,4145,3773,2961,24.3,5.9,22.7,5.8,13.9,0.55,0,2018-03,2018-03,835977,11601843,13,188769,2018,2619771,26967,0.0
2018-04-28,Green,26642,384918,4081,3746,2976,23.8,5.9,22.4,5.8,14.5,0.56,0,2018-04,2018-04,799260,11547540,17,186494,2018,2694426,26642,0.0
2018-05-28,Green,25693,386965,4057,3707,2949,24.7,5.8,23.1,5.7,15.5,0.57,0,2018-05,2018-05,796483,11995915,22,179851,2018,2708755,25693,0.0
2018-06-28,Green,24610,374454,3976,3653,2858,23.5,5.8,22.1,5.6,15.5,0.56,0,2018-06,2018-06,738300,11233620,26,172270,2018,2621178,24610,0.0
2018-07-28,Green,22048,331003,3909,3588,2754,23.8,5.5,22.4,5.4,14.8,0.56,0,2018-07,2018-07,683488,10261093,30,154336,2018,2317021,22048,0.0
2018-08-28,Green,21468,326276,3788,3507,2646,23.4,5.6,22.1,5.5,15.0,0.6,0,2018-08,2018-08,665508,10114556,35,150276,2018,2283932,21468,0.0
2018-09-28,Green,22193,345939,3806,3503,2721,23.3,5.6,21.9,5.5,15.8,0.58,0,2018-09,2018-09,665790,10378170,39,155351,2018,2421573,22193,0.0
2018-10-28,Green,22889,360292,3827,3523,2796,24.6,5.7,23.2,5.6,16.3,0.6,0,2018-10,2018-10,709559,11169052,43,160223,2018,2522044,22889,0.0
2018-11-28,Green,21858,344302,3767,3490,2742,23.6,5.5,22.3,5.4,16.4,0.61,0,2018-11,2018-11,655740,10329060,48,153006,2018,2410114,21858,0.0
2018-12-28,Green,22083,341294,3777,3468,2720,24.3,5.6,22.9,5.4,15.7,0.59,0,2018-12,2018-12,684573,10580114,52,154581,2018,2389058,22083,0.0
2019-01-28,Green,20327,309210,3705,3442,2642,23.8,5.4,22.6,5.3,15.0,0.62,0,2019-01,2019-01,630137,9585510,04,142289,2019,2164470,20327,0.0
2019-02-28,Green,20481,325509,3626,3385,2651,21.9,5.4,20.9,5.3,15.7,0.62,0,2019-02,2019-02,573468,9114252,08,143367,2019,2278563,20481,0.0
2019-03-28,Green,19318,305302,3586,3296,2524,23.7,5.4,22.3,5.2,15.8,0.6,0,2019-03,2019-03,598858,9464362,12,135226,2019,2137114,19318,0.0
2019-04-28,Green,17080,249506,3508,3249,2423,22.4,4.9,21.2,4.8,14.3,0.57,0,2019-04,2019-04,512400,7485180,16,119560,2019,1746542,17080,0.0
2019-05-28,Green,16248,243583,3393,3170,2351,23.0,4.8,22.0,4.7,15.1,0.56,0,2019-05,2019-05,503688,7551073,21,113736,2019,1705081,16248,0.0
2019-06-28,Green,15690,235578,3292,3080,2216,21.6,5.0,20.7,4.8,15.0,0.55,0,2019-06,2019-06,470700,7067340,25,109830,2019,1649046,15690,0.0
2019-07-28,Green,13969,205934,3179,2985,2125,22.1,4.7,21.1,4.6,14.2,0.55,0,2019-07,2019-07,433039,6383954,29,97783,2019,1441538,13969,0.0
2019-08-28,Green,12866,188318,3033,2841,2011,22.0,4.6,20.9,4.6,13.9,0.54,0,2019-08,2019-08,398846,5837858,34,90062,2019,1318226,12866,0.0
2019-09-28,Green,12985,190621,3033,2856,2048,21.5,4.6,20.6,4.5,14.3,0.55,0,2019-09,2019-09,389550,5718630,38,90895,2019,1334347,12985,0.0
2019-10-28,Green,12470,178014,3004,2818,1990,21.9,4.5,21.0,4.4,14.0,0.56,0,2019-10,2019-10,386570,5518434,43,87290,2019,1246098,12470,0.0
2019-11-28,Green,12068,170328,2969,2781,1904,20.5,4.5,19.7,4.4,13.8,0.55,0,2019-11,2019-11,362040,5109840,47,84476,2019,1192296,12068,0.0
2019-12-28,Green,11598,162078,2904,2731,1834,20.8,4.4,20.0,4.4,13.6,0.53,0,2019-12,2019-12,359538,5024418,51,81186,2019,1134546,11598,0.0
2020-01-28,Green,13446,236992,2876,2703,1997,22.9,5.0,22.0,4.9,15.3,0.44,0,2020-01,2020-01,416826,7346752,04,94122,2020,1658944,13446,0.0
2020-02-28,Green,13743,240822,2843,2674,2006,21.8,5.0,20.9,4.9,15.4,0.44,0,2020-02,2020-02,398547,6983838,08,96201,2020,1685754,13743,0.0
2020-03-28,Green,7205,113973,2692,2560,1248,15.1,4.4,14.7,4.3,15.2,0.63,0,2020-03,2020-03,223355,3533163,12,50435,2020,797811,7205,0.0
2020-04-28,Green,1186,22495,669,669,278,12.5,3.4,12.6,3.4,14.5,0.66,0,2020-04,2020-04,35580,674850,17,8302,2020,157465,1186,0.0
2020-05-28,Green,1850,38440,830,819,405,15.3,3.7,15.3,3.7,16.5,0.73,0,2020-05,2020-05,57350,1191640,21,12950,2020,269080,1850,0.0
2020-06-28,Green,2103,46850,856,850,408,14.4,4.1,14.5,4.0,17.5,0.71,0,2020-06,2020-06,63090,1405500,25,14721,2020,327950,2103,0.0
2020-07-28,Green,2330,54821,937,925,430,14.4,4.3,14.4,4.2,18.1,0.73,0,2020-07,2020-07,72230,1699451,30,16310,2020,383747,2330,0.0
2020-08-28,Green,2614,62686,1142,1127,544,15.0,4.0,15.0,3.9,18.7,0.74,0,2020-08,2020-08,81034,1943266,34,18298,2020,438802,2614,0.0
2020-09-28,Green,2932,66854,1123,1100,575,15.7,4.1,15.5,4.1,18.6,0.76,0,2020-09,2020-09,87960,2005620,39,20524,2020,467978,2932,0.0
2020-10-28,Green,3067,68559,1137,1117,605,16.8,4.1,16.7,4.1,18.4,0.76,0,2020-10,2020-10,95077,2125329,43,21469,2020,479913,3067,0.0
2020-11-28,Green,2953,66505,1137,1106,610,16.6,4.0,16.4,3.9,18.2,0.77,0,2020-11,2020-11,88590,1995150,47,20671,2020,465535,2953,0.0
2020-12-28,Green,2681,60329,1095,1087,560,16.0,3.9,16.0,3.9,18.1,0.76,0,2020-12,2020-12,83111,1870199,52,18767,2020,422303,2681,0.0
2021-01-28,Green,2467,56409,991,982,491,15.5,4.1,15.5,4.0,17.4,0.79,0,2021-01,2021-01,76477,1748679,04,17269,2021,394863,2467,0.0
2021-02-28,Green,2305,52276,904,881,446,14.2,4.1,13.9,4.1,18.8,0.79,0,2021-02,2021-02,64540,1463728,08,16135,2021,365932,2305,0.0
2021-03-28,Green,2703,62408,951,931,482,16.1,4.4,15.9,4.4,18.9,0.79,0,2021-03,2021-03,83793,1934648,12,18921,2021,436856,2703,0.0
2021-04-28,Green,2896,67873,953,927,515,16.7,4.4,16.4,4.3,20.1,0.78,0,2021-04,2021-04,86880,2036190,17,20272,2021,475111,2896,0.0
2021-05-28,Green,2843,65575,979,951,517,16.9,4.3,16.5,4.2,20.0,0.78,0,2021-05,2021-05,88133,2032825,21,19901,2021,459025,2843,0.0
2021-06-28,Green,2891,65833,1002,976,531,16.3,4.2,16.1,4.2,20.5,0.75,0,2021-06,2021-06,86730,1974990,26,20237,2021,460831,2891,0.0
2021-07-28,Green,2698,63047,983,950,508,16.6,4.1,16.2,4.1,20.1,0.75,0,2021-07,2021-07,83638,1954457,30,18886,2021,441329,2698,0.0
2021-08-28,Green,2693,63670,944,926,509,17.1,4.1,16.9,4.1,20.0,0.75,0,2021-08,2021-08,83483,1973770,34,18851,2021,445690,2693,0.0
2021-09-28,Green,3190,77261,1214,1171,639,16.4,4.0,16.0,3.9,21.5,0.74,0,2021-09,2021-09,95700,2317830,39,22330,2021,540827,3190,0.0
2021-10-28,Green,3574,82093,1311,1251,736,18.3,3.9,17.6,3.8,21.0,0.73,0,2021-10,2021-10,110794,2544883,43,25018,2021,574651,3574,0.0
2021-11-28,Green,3607,82076,1312,1270,741,17.5,3.9,17.2,3.8,20.6,0.73,0,2021-11,2021-11,108210,2462280,47,25249,2021,574532,3607,0.0
2021-12-28,Green,3223,70840,1299,1232,705,17.8,3.6,17.1,3.6,19.5,0.69,0,2021-12,2021-12,99913,2196040,52,22561,2021,495880,3223,0.0
2022-01-28,Green,2016,32510,1162,1136,523,14.3,3.1,14.2,3.0,14.3,0.65,0,2022-01,2022-01,62496,1007810,04,14112,2022,227570,2016,0.0
2022-02-28,Green,2477,40475,1121,1085,565,14.6,3.4,14.3,3.3,15.1,0.66,0,2022-02,2022-02,69356,1133300,09,17339,2022,283325,2477,0.0
2022-03-28,Green,2531,42436,1133,1104,553,15.5,3.5,15.4,3.4,15.4,0.66,0,2022-03,2022-03,78461,1315516,13,17717,2022,297052,2531,0.0
2022-04-28,Green,2536,43591,1057,1027,545,15.9,3.5,15.7,3.5,15.9,0.67,0,2022-04,2022-04,76080,1307730,17,17752,2022,305137,2536,0.0
2022-05-28,Green,2480,44850,1065,1027,531,16.0,3.6,15.6,3.5,16.7,0.69,0,2022-05,2022-05,76880,1390350,21,17360,2022,313950,2480,0.0
2022-06-28,Green,2451,44572,1038,1002,526,15.8,3.6,15.4,3.6,16.8,0.69,0,2022-06,2022-06,73530,1337160,26,17157,2022,312004,2451,0.0
2022-07-28,Green,2070,37356,975,939,467,15.4,3.4,15.0,3.4,15.7,0.68,0,2022-07,2022-07,64170,1158036,30,14490,2022,261492,2070,0.0
2022-08-28,Green,2126,38915,962,925,475,16.0,3.5,15.5,3.4,15.8,0.67,0,2022-08,2022-08,65906,1206365,34,14882,2022,272405,2126,0.0
2022-09-28,Green,2300,43814,964,928,491,15.9,3.6,15.4,3.5,17.2,0.69,0,2022-09,2022-09,69000,1314420,39,16100,2022,306698,2300,0.0
2022-10-28,Green,2236,39960,965,929,485,16.2,3.5,15.8,3.5,16.5,0.69,0,2022-10,2022-10,69316,1238760,43,15652,2022,279720,2236,0.0
2022-11-28,Green,2076,35984,958,910,458,15.1,3.5,14.5,3.4,16.2,0.69,0,2022-11,2022-11,62280,1079520,48,14532,2022,251888,2076,0.0
2022-12-28,Green,2336,45208,965,942,496,16.3,3.6,16.1,3.5,15.9,0.66,0,2022-12,2022-12,72416,1401448,52,16352,2022,316456,2336,0.0
2023-01-28,Green,2199,43733,960,911,488,16.6,3.5,16.1,3.5,13.8,0.66,0,2023-01,2023-01,68169,1355723,04,15393,2023,306131,2199,0.0
2010-01-28,Yellow,479376,4968817,30659,13305,12727,29.7,14.3,22.5,8.2,0.0,0.32,0,2010-01,2010-01,14860656,154033327,04,3355632,2010,34781719,479376,0.0
2010-02-28,Yellow,397969,3392416,28255,12171,10045,23.1,14.6,17.6,8.3,11.1,0.35,0,2010-02,2010-02,11143132,94987648,08,2785783,2010,23746912,397969,0.0
2010-03-28,Yellow,415567,3011750,28709,12183,10382,26.4,15.1,20.4,8.3,11.5,0.35,0,2010-03,2010-03,12882577,93364250,12,2908969,2010,21082250,415567,0.0
2010-04-28,Yellow,504798,5502545,30827,13326,12856,28.9,14.8,22.3,8.3,0.0,0.35,0,2010-04,2010-04,15143940,165076350,17,3533586,2010,38517815,504798,0.0
2010-05-28,Yellow,499374,5561218,30950,13309,12729,29.6,14.8,22.7,8.3,0.0,0.35,0,2010-05,2010-05,15480594,172397758,21,3495618,2010,38928526,499374,0.0
2010-06-28,Yellow,494137,5503949,30812,13305,12671,28.6,14.9,22.2,8.3,0.0,0.36,0,2010-06,2010-06,14824110,165118470,26,3458959,2010,38527643,494137,0.0
2010-07-28,Yellow,472752,5216891,30562,13307,12457,29.0,14.5,22.3,8.2,0.0,0.37,0,2010-07,2010-07,14655312,161723621,30,3309264,2010,36518237,472752,0.0
2010-08-28,Yellow,404115,4490108,28574,12206,11224,28.5,14.4,21.5,8.1,11.8,0.37,0,2010-08,2010-08,12527565,139193348,34,2828805,2010,31430756,404115,0.0
2010-09-28,Yellow,517972,5827246,28989,12221,11765,28.9,14.7,21.7,8.3,12.3,0.38,0,2010-09,2010-09,15539160,174817380,39,3625804,2010,40790722,517972,0.0
2010-10-28,Yellow,457996,5122617,29128,12268,11271,28.5,15.3,21.9,8.4,12.3,0.39,0,2010-10,2010-10,14197876,158801127,43,3205972,2010,35858319,457996,0.0
2010-11-28,Yellow,463701,5165797,29348,12347,11876,28.9,14.8,21.9,8.2,12.2,0.39,0,2010-11,2010-11,13911030,154973910,47,3245907,2010,36160579,463701,0.0
2010-12-28,Yellow,445727,4985892,29414,12491,11612,28.8,14.7,21.9,8.2,12.6,0.38,0,2010-12,2010-12,13817537,154562652,52,3120089,2010,34901244,445727,0.0
2011-01-28,Yellow,434297,4661317,29682,12798,11624,28.2,14.4,21.4,8.2,11.7,0.41,0,2011-01,2011-01,13463207,144500827,04,3040079,2011,32629219,434297,0.0
2011-02-28,Yellow,507167,5474959,30359,13253,12678,26.8,14.9,20.8,8.4,11.8,0.43,0,2011-02,2011-02,14200676,153298852,09,3550169,2011,38324713,507167,0.0
2011-03-28,Yellow,518212,5717207,30960,13288,12852,30.0,15.0,23.1,8.4,11.9,0.43,0,2011-03,2011-03,16064572,177233417,13,3627484,2011,40020449,518212,0.0
2011-04-28,Yellow,490577,5456034,31022,13302,12178,27.5,15.1,21.3,8.4,12.1,0.42,0,2011-04,2011-04,14717310,163681020,17,3434039,2011,38192238,490577,0.0
2011-05-28,Yellow,501708,5730613,31259,13291,12745,29.7,14.9,22.8,8.3,12.5,0.42,0,2011-05,2011-05,15552948,177649003,21,3511956,2011,40114291,501708,0.0
2011-06-28,Yellow,503152,5743238,31094,13285,12760,28.8,15.1,22.4,8.3,12.6,0.43,0,2011-06,2011-06,15094560,172297140,26,3522064,2011,40202666,503152,0.0
2011-07-28,Yellow,475475,5350809,30683,13270,12612,29.5,14.6,22.6,8.3,12.1,0.43,0,2011-07,2011-07,14739725,165875079,30,3328325,2011,37455663,475475,0.0
2011-08-28,Yellow,427740,4851734,30144,13295,12216,28.5,13.9,21.9,8.0,12.1,0.44,0,2011-08,2011-08,13259940,150403754,34,2994180,2011,33962138,427740,0.0
2011-09-28,Yellow,487470,5687581,30917,13313,12797,28.8,14.9,22.2,8.3,13.1,0.44,0,2011-09,2011-09,14624100,170627430,39,3412290,2011,39813067,487470,0.0
2011-10-28,Yellow,506532,5790312,31341,13322,12857,29.9,15.0,23.0,8.3,12.7,0.45,0,2011-10,2011-10,15702492,179499672,43,3545724,2011,40532184,506532,0.0
2011-11-28,Yellow,484122,5572296,31022,13319,12858,29.0,14.7,22.3,8.2,12.9,0.44,0,2011-11,2011-11,14523660,167168880,48,3388854,2011,39006072,484122,0.0
2011-12-28,Yellow,481410,5493999,31196,13323,12830,29.9,14.7,22.9,8.2,12.7,0.43,0,2011-12,2011-12,14923710,170313969,52,3369870,2011,38457993,481410,0.0
2012-01-28,Yellow,482811,5220456,30944,13317,12588,29.3,14.5,22.3,8.2,11.3,0.47,0,2012-01,2012-01,14967141,161834136,04,3379677,2012,36543192,482811,0.0
2012-02-28,Yellow,516585,5655691,30803,13317,12896,28.1,14.9,21.8,8.3,11.6,0.48,0,2012-02,2012-02,14980965,164015039,09,3616095,2012,39589837,516585,0.0
2012-03-28,Yellow,520764,5860835,31401,13320,12927,30.1,15.1,23.2,8.3,12.0,0.48,0,2012-03,2012-03,16143684,181685885,13,3645348,2012,41025845,520764,0.0
2012-04-28,Yellow,515848,5861876,31579,13319,12864,29.0,15.1,22.2,8.3,12.2,0.47,0,2012-04,2012-04,15475440,175856280,17,3610936,2012,41033132,515848,0.0
2012-05-28,Yellow,502097,5838542,31723,13325,12887,30.0,15.1,23.0,8.3,12.9,0.47,0,2012-05,2012-05,15565007,180994802,22,3514679,2012,40869794,502097,0.0
2012-06-28,Yellow,503139,5831841,31561,13332,12940,29.1,15.1,22.6,8.3,12.8,0.48,0,2012-06,2012-06,15094170,174955230,26,3521973,2012,40822887,503139,0.0
2012-07-28,Yellow,463784,5292247,31174,13320,12773,29.7,14.4,22.7,8.1,12.2,0.48,0,2012-07,2012-07,14377304,164059657,30,3246488,2012,37045729,463784,0.0
2012-08-28,Yellow,463841,5357572,30777,13318,12785,29.8,14.4,22.8,8.1,12.3,0.48,0,2012-08,2012-08,14379071,166084732,35,3246887,2012,37503004,463841,0.0
2012-09-28,Yellow,484783,6512203,31698,13322,12826,28.9,14.9,22.0,8.2,12.8,0.5,0,2012-09,2012-09,14543490,195366090,39,3393481,2012,45585421,484783,0.0
2012-10-28,Yellow,468377,6346508,32104,13328,12555,29.2,14.6,22.0,8.1,12.8,0.5,0,2012-10,2012-10,14519687,196741748,43,3278639,2012,44425556,468377,0.0
2012-11-28,Yellow,459114,6094937,31701,13324,12551,28.3,14.2,21.3,7.9,12.5,0.5,0,2012-11,2012-11,13773420,182848110,48,3213798,2012,42664559,459114,0.0
2012-12-28,Yellow,474005,6326604,32257,13346,12806,29.7,14.6,22.4,8.0,12.5,0.49,0,2012-12,2012-12,14694155,196124724,52,3318035,2012,44286228,474005,0.0
2013-01-28,Yellow,476544,6045087,32213,13344,12863,29.9,14.4,22.3,8.0,11.4,0.52,0,2013-01,2013-01,14772864,187397697,04,3335808,2013,42315609,476544,0.0
2013-02-28,Yellow,499556,6356651,32052,13338,12867,27.0,14.6,20.4,8.1,11.7,0.54,0,2013-02,2013-02,13987568,177986228,08,3496892,2013,44496557,499556,0.0
2013-03-28,Yellow,507914,6646912,32965,13334,12927,30.1,15.0,22.5,8.1,12.0,0.53,0,2013-03,2013-03,15745334,206054272,12,3555398,2013,46528384,507914,0.0
2013-04-28,Yellow,503249,6714891,33084,13343,12949,29.1,15.1,21.9,8.1,12.4,0.54,0,2013-04,2013-04,15097470,201446730,16,3522743,2013,47004237,503249,0.0
2013-05-28,Yellow,492962,6744373,33267,13334,12929,30.1,15.1,22.5,8.1,13.0,0.53,0,2013-05,2013-05,15281822,209075563,21,3450734,2013,47210611,492962,0.0
2013-06-28,Yellow,479148,6555608,33452,13341,12922,29.1,15.0,21.7,8.0,13.0,0.54,0,2013-06,2013-06,14374440,196668240,25,3354036,2013,45889256,479148,0.0
2013-07-28,Yellow,445861,5983709,32748,13327,12830,29.8,14.3,22.2,7.8,12.5,0.53,0,2013-07,2013-07,13821691,185494979,29,3121027,2013,41885963,445861,0.0
2013-08-28,Yellow,406246,5553989,32388,13318,11959,27.8,14.2,20.7,7.9,0.0,0.54,0,2013-08,2013-08,12593626,172173659,34,2843722,2013,38877923,406246,0.0
2013-09-28,Yellow,470147,6493533,33292,13340,12881,29.0,14.9,21.5,8.0,13.1,0.55,0,2013-09,2013-09,14104410,194805990,38,3291029,2013,45454731,470147,0.0
2013-10-28,Yellow,483921,6648711,33417,13334,12962,30.1,15.0,22.5,8.1,13.1,0.56,0,2013-10,2013-10,15001551,206110041,43,3387447,2013,46540977,483921,0.0
2013-11-28,Yellow,479527,6470910,33191,13336,12926,29.1,15.0,21.9,8.0,12.9,0.55,0,2013-11,2013-11,14385810,194127300,47,3356689,2013,45296370,479527,0.0
2013-12-28,Yellow,450634,6176199,33335,13356,12858,29.8,14.5,22.2,7.8,13.1,0.53,0,2013-12,2013-12,13969654,191462169,51,3154438,2013,43233393,450634,0.0
2014-01-28,Yellow,444537,5790713,32775,13366,12778,29.6,14.1,21.9,7.8,12.2,0.57,0,2014-01,2014-01,13780647,179512103,04,3111759,2014,40534991,444537,0.0
2014-02-28,Yellow,466522,6122310,32634,13376,12852,26.9,14.6,20.2,8.0,12.6,0.59,0,2014-02,2014-02,13062616,171424680,08,3265654,2014,42856170,466522,0.0
2014-03-28,Yellow,497661,6612023,33229,13442,13020,30.0,15.1,22.6,8.1,12.4,0.58,0,2014-03,2014-03,15427491,204972713,12,3483627,2014,46284161,497661,0.0
2014-04-28,Yellow,487275,6613192,33086,13524,13074,29.0,15.0,22.0,8.1,12.9,0.57,0,2014-04,2014-04,14618250,198395760,17,3410925,2014,46292344,487275,0.0
2014-05-28,Yellow,476569,6718530,33060,13581,13098,29.9,14.9,22.7,8.1,13.6,0.57,0,2014-05,2014-05,14773639,208274430,21,3335983,2014,47029710,476569,0.0
2014-06-28,Yellow,460393,6490355,32747,13651,13154,28.9,14.6,22.0,8.0,13.6,0.58,0,2014-06,2014-06,13811790,194710650,25,3222751,2014,45432485,460393,0.0
2014-07-28,Yellow,422771,5832040,31515,13633,12943,29.4,13.8,22.5,7.8,13.0,0.57,0,2014-07,2014-07,13105901,180793240,30,2959397,2014,40824280,422771,0.0
2014-08-28,Yellow,409305,5709153,31429,13622,12919,29.4,13.8,22.2,7.9,13.1,0.57,0,2014-08,2014-08,12688455,176983743,34,2865135,2014,39964071,409305,0.0
2014-09-28,Yellow,445782,6284615,32191,13647,13087,28.8,14.3,21.7,8.1,13.9,0.59,0,2014-09,2014-09,13373460,188538450,38,3120474,2014,43992305,445782,0.0
2014-10-28,Yellow,459087,6432093,32091,13665,13162,29.9,14.5,22.7,8.1,13.8,0.59,0,2014-10,2014-10,14231697,199394883,43,3213609,2014,45024651,459087,0.0
2014-11-28,Yellow,440576,6113253,32260,13642,13095,28.8,14.3,21.8,8.0,13.8,0.59,0,2014-11,2014-11,13217280,183397590,47,3084032,2014,42792771,440576,0.0
2014-12-28,Yellow,419776,5868025,32048,13642,13041,29.6,13.9,22.3,7.9,14.0,0.58,0,2014-12,2014-12,13013056,181908775,51,2938432,2014,41076175,419776,0.0
2015-01-28,Yellow,411238,5442278,31236,13633,12721,28.9,13.4,21.5,7.9,15.0,0.62,0,2015-01,2015-01,12748378,168710618,04,2878666,2015,38095946,411238,0.0
2015-02-28,Yellow,444633,6097785,30969,13617,12979,26.7,14.1,20.3,8.1,15.8,0.64,0,2015-02,2015-02,12449724,170737980,08,3112431,2015,42684495,444633,0.0
2015-03-28,Yellow,430669,6076181,31610,13584,13030,29.7,14.0,22.3,8.0,16.8,0.63,0,2015-03,2015-03,13350739,188361611,12,3014683,2015,42533267,430669,0.0
2015-04-28,Yellow,435701,6226205,31574,13577,13098,28.9,14.2,21.9,8.1,16.9,0.63,0,2015-04,2015-04,13071030,186786150,17,3049907,2015,43583435,435701,0.0
2015-05-28,Yellow,424459,6239552,31442,13580,13006,29.7,14.1,22.4,8.1,16.4,0.62,0,2015-05,2015-05,13158229,193426112,21,2971213,2015,43676864,424459,0.0
2015-06-28,Yellow,410831,6014938,30829,13549,12990,28.8,13.8,21.9,8.0,16.9,0.63,0,2015-06,2015-06,12324930,180448140,25,2875817,2015,42104566,410831,0.0
2015-07-28,Yellow,372979,5392570,29999,13490,12599,29.0,13.1,21.8,7.9,15.7,0.62,0,2015-07,2015-07,11562349,167169670,30,2610853,2015,37747990,372979,0.0
2015-08-28,Yellow,359029,5200177,29688,13442,12579,29.0,13.1,21.7,7.9,16.1,0.61,0,2015-08,2015-08,11129899,161205487,34,2513203,2015,36401239,359029,0.0
2015-09-28,Yellow,374156,5520038,29912,13423,12523,28.0,13.2,20.8,8.0,16.5,0.62,0,2015-09,2015-09,11224680,165601140,39,2619092,2015,38640266,374156,0.0
2015-10-28,Yellow,397244,5856687,30104,13436,12787,29.5,13.7,22.4,8.1,17.3,0.64,0,2015-10,2015-10,12314564,181557297,43,2780708,2015,40996809,397244,0.0
2015-11-28,Yellow,377076,5502861,30270,13428,12732,28.4,13.3,21.3,7.9,20.4,0.64,0,2015-11,2015-11,11312280,165085830,47,2639532,2015,38520027,377076,0.0
2015-12-28,Yellow,369686,5425880,29917,13429,12641,29.2,13.2,22.0,7.9,18.4,0.63,0,2015-12,2015-12,11460266,168202280,52,2587802,2015,37981160,369686,0.0
2016-01-28,Yellow,351816,4886897,29276,13347,12244,28.4,12.7,21.0,7.9,15.4,0.66,0,2016-01,2016-01,10906296,151493807,04,2462712,2016,34208279,351816,0.0
2016-02-28,Yellow,392470,5427875,29564,13339,12718,27.7,13.4,20.8,8.0,14.6,0.67,0,2016-02,2016-02,11381630,157408375,08,2747290,2016,37995125,392470,0.0
2016-03-28,Yellow,393886,5614089,30327,13379,12828,29.7,13.6,22.2,8.0,15.0,0.67,0,2016-03,2016-03,12210466,174036759,13,2757202,2016,39298623,393886,0.0
2016-04-28,Yellow,397780,5721501,30488,13370,12875,28.9,13.8,21.7,8.1,17.4,0.67,0,2016-04,2016-04,11933400,171645030,17,2784460,2016,40050507,397780,0.0
2016-05-28,Yellow,381878,5654653,30509,13381,12777,29.6,13.5,22.1,8.0,15.8,0.66,0,2016-05,2016-05,11838218,175294243,21,2673146,2016,39582571,381878,0.0
2016-06-28,Yellow,371257,5564246,29899,13354,12781,28.7,13.3,21.8,7.8,16.7,0.66,0,2016-06,2016-06,11137710,166927380,26,2598799,2016,38949722,371257,0.0
2016-07-28,Yellow,332231,4924633,29062,13293,12266,28.6,12.6,21.3,7.8,15.7,0.64,0,2016-07,2016-07,10299161,152663623,30,2325617,2016,34472431,332231,0.0
2016-08-28,Yellow,320718,4722586,28340,13203,12266,28.8,12.5,21.7,7.8,15.5,0.64,0,2016-08,2016-08,9942258,146400166,34,2245026,2016,33058102,320718,0.0
2016-09-28,Yellow,337321,5167170,28526,13166,12137,27.7,12.8,20.6,7.9,16.0,0.66,0,2016-09,2016-09,10119630,155015100,39,2361247,2016,36170190,337321,0.0
2016-10-28,Yellow,350380,5196275,29383,13198,12433,29.2,13.1,21.8,7.9,16.0,0.66,0,2016-10,2016-10,10861780,161084525,43,2452660,2016,36373925,350380,0.0
2016-11-28,Yellow,336737,4980423,29080,13159,12437,28.4,12.9,21.3,7.8,15.9,0.66,0,2016-11,2016-11,10102110,149412690,48,2357159,2016,34862961,336737,0.0
2016-12-28,Yellow,337071,4869413,28743,13197,12329,29.0,12.8,21.7,7.8,14.6,0.64,0,2016-12,2016-12,10449201,150951803,52,2359497,2016,34085891,337071,0.0
2017-01-28,Yellow,313229,4314880,27782,13058,11990,28.5,12.2,21.0,7.8,13.0,0.67,0,2017-01,2017-01,9710099,133761280,04,2192603,2017,30204160,313229,0.0
2017-02-28,Yellow,327451,4531822,27523,12967,12112,26.2,12.6,19.6,7.9,13.3,0.68,0,2017-02,2017-02,9168628,126891016,09,2292157,2017,31722754,327451,0.0
2017-03-28,Yellow,332075,4770322,27900,12990,12146,29.0,12.8,21.8,7.9,14.0,0.68,0,2017-03,2017-03,10294325,147879982,13,2324525,2017,33392254,332075,0.0
2017-04-28,Yellow,334865,4865420,27802,12981,12229,28.3,12.8,21.4,7.9,14.3,0.67,0,2017-04,2017-04,10045950,145962600,17,2344055,2017,34057940,334865,0.0
2017-05-28,Yellow,325857,4848494,27655,12977,12159,29.0,12.6,21.9,7.8,15.0,0.67,0,2017-05,2017-05,10101567,150303314,21,2280999,2017,33939458,325857,0.0
2017-06-28,Yellow,321877,4751867,26664,12894,12038,28.0,12.4,21.5,7.8,14.8,0.67,0,2017-06,2017-06,9656310,142556010,26,2253139,2017,33263069,321877,0.0
2017-07-28,Yellow,277042,4037177,26108,12792,11583,28.1,11.8,21.1,7.7,14.1,0.66,0,2017-07,2017-07,8588302,125152487,30,1939294,2017,28260239,277042,0.0
2017-08-28,Yellow,271676,3985437,25164,12690,11550,28.2,11.7,21.6,7.7,14.0,0.66,0,2017-08,2017-08,8421956,123548547,35,1901732,2017,27898059,271676,0.0
2017-09-28,Yellow,298163,4422289,25604,12656,11499,27.3,12.1,20.6,7.9,14.8,0.67,0,2017-09,2017-09,8944890,132668670,39,2087141,2017,30956023,298163,0.0
2017-10-28,Yellow,315084,4681421,26536,12703,11931,29.1,12.5,22.1,7.9,14.8,0.68,0,2017-10,2017-10,9767604,145124051,43,2205588,2017,32769947,315084,0.0
2017-11-28,Yellow,309471,4517934,26347,12692,11921,28.2,12.4,21.5,7.8,14.8,0.68,0,2017-11,2017-11,9284130,135538020,48,2166297,2017,31625538,309471,0.0
2017-12-28,Yellow,306706,4407843,26038,12685,11743,28.7,12.2,21.8,7.8,14.5,0.66,0,2017-12,2017-12,9507886,136643133,52,2146942,2017,30854901,306706,0.0
2018-01-28,Yellow,282565,3863024,24923,12599,11304,27.8,11.6,21.1,7.7,13.1,0.7,0,2018-01,2018-01,8759515,119753744,04,1977955,2018,27041168,282565,0.0
2018-02-28,Yellow,303280,4138935,24641,12490,11535,25.9,12.1,19.9,8.0,13.1,0.71,0,2018-02,2018-02,8491840,115890180,09,2122960,2018,28972545,303280,0.0
2018-03-28,Yellow,304169,4293867,24991,12389,11480,28.7,12.2,21.9,7.9,13.7,0.7,0,2018-03,2018-03,9429239,133109877,13,2129183,2018,30057069,304169,0.0
2018-04-28,Yellow,310169,4486177,24807,12372,11534,28.0,12.4,21.5,8.1,14.2,0.7,0,2018-04,2018-04,9305070,134585310,17,2171183,2018,31403239,310169,0.0
2018-05-28,Yellow,297508,4431220,24330,12317,11396,28.7,12.1,22.3,7.9,14.9,0.69,0,2018-05,2018-05,9222748,137367820,22,2082556,2018,31018540,297508,0.0
2018-06-28,Yellow,290362,4283693,23737,12222,11223,27.5,11.9,21.4,7.9,14.7,0.7,0,2018-06,2018-06,8710860,128510790,26,2032534,2018,29985851,290362,0.0
2018-07-28,Yellow,253186,3735128,23142,12092,10788,27.7,11.3,21.3,7.7,14.1,0.68,0,2018-07,2018-07,7848766,115788968,30,1772302,2018,26145896,253186,0.0
2018-08-28,Yellow,253182,3742832,22319,11961,10655,27.6,11.3,21.4,7.8,14.1,0.7,0,2018-08,2018-08,7848642,116027792,35,1772274,2018,26199824,253182,0.0
2018-09-28,Yellow,267983,3995849,23055,12007,10741,26.8,11.7,20.6,7.9,15.0,0.7,0,2018-09,2018-09,8039490,119875470,39,1875881,2018,27970943,267983,0.0
2018-10-28,Yellow,284121,4267309,23600,12009,11151,28.8,12.0,22.2,7.9,15.2,0.71,0,2018-10,2018-10,8807751,132286579,43,1988847,2018,29871163,284121,0.0
2018-11-28,Yellow,271501,4035397,23459,11948,11040,27.7,11.8,21.4,7.8,15.2,0.7,0,2018-11,2018-11,8145030,121061910,48,1900507,2018,28247779,271501,0.0
2018-12-28,Yellow,263609,3852809,23042,11938,10803,28.1,11.5,21.7,7.7,14.7,0.68,0,2018-12,2018-12,8171879,119437079,52,1845263,2018,26969663,263609,0.0
2019-01-28,Yellow,247315,3413625,22085,11867,10582,27.6,11.1,21.5,7.7,12.8,0.72,0,2019-01,2019-01,7666765,105822375,04,1731205,2019,23895375,247315,0.0
2019-02-28,Yellow,250654,4105322,21733,11895,10770,25.4,11.3,20.1,7.8,13.6,0.74,0,2019-02,2019-02,7018312,114949016,08,1754578,2019,28737254,250654,0.0
2019-03-28,Yellow,252634,4289036,21956,11912,10814,28.1,11.4,22.3,7.9,14.1,0.73,0,2019-03,2019-03,7831654,132960116,12,1768438,2019,30023252,252634,0.0
2019-04-28,Yellow,247742,4215927,21595,11786,10674,27.2,11.3,21.4,7.8,14.3,0.72,0,2019-04,2019-04,7432260,126477810,16,1734194,2019,29511489,247742,0.0
2019-05-28,Yellow,244017,4214808,21042,11689,10494,27.8,11.2,22.3,7.7,14.9,0.72,0,2019-05,2019-05,7564527,130659048,21,1708119,2019,29503656,244017,0.0
2019-06-28,Yellow,231335,4042788,20728,11533,10274,26.7,11.0,21.3,7.7,15.1,0.72,0,2019-06,2019-06,6940050,121283640,25,1619345,2019,28299516,231335,0.0
2019-07-28,Yellow,202443,3501565,20206,11366,9894,27.0,10.5,21.4,7.5,14.5,0.7,0,2019-07,2019-07,6275733,108548515,29,1417101,2019,24510955,202443,0.0
2019-08-28,Yellow,194798,3385162,19583,11237,9741,26.9,10.4,21.4,7.5,14.3,0.7,0,2019-08,2019-08,6038738,104940022,34,1363586,2019,23696134,194798,0.0
2019-09-28,Yellow,217747,3814692,20369,11302,10066,26.7,10.9,21.0,7.7,16.0,0.72,0,2019-09,2019-09,6532410,114440760,38,1524229,2019,26702844,217747,0.0
2019-10-28,Yellow,231171,4006128,20880,11380,10476,28.5,11.2,22.5,7.7,15.1,0.73,0,2019-10,2019-10,7166301,124189968,43,1618197,2019,28042896,231171,0.0
2019-11-28,Yellow,227654,3872769,20934,11431,10441,27.4,11.0,21.7,7.6,14.8,0.73,0,2019-11,2019-11,6829620,116183070,47,1593578,2019,27109383,227654,0.0
2019-12-28,Yellow,220786,3806944,20829,11478,10260,27.7,10.7,21.7,7.5,15.0,0.71,0,2019-12,2019-12,6844366,118015264,51,1545502,2019,26648608,220786,0.0
2020-01-28,Yellow,206604,3403736,20131,11435,10080,27.3,10.5,21.7,7.5,13.1,0.73,0,2020-01,2020-01,6404724,105515816,04,1446228,2020,23826152,206604,0.0
2020-02-28,Yellow,217216,3556087,20123,11418,10349,26.3,10.8,20.9,7.7,13.5,0.75,0,2020-02,2020-02,6299264,103126523,08,1520512,2020,24892609,217216,0.0
2020-03-28,Yellow,96993,1620345,19062,11313,6161,16.9,8.8,13.2,6.7,13.0,0.75,0,2020-03,2020-03,3006783,50230695,12,678951,2020,11342415,96993,0.0
2020-04-28,Yellow,7928,119078,2208,2191,982,13.5,5.3,13.8,5.1,9.9,0.63,0,2020-04,2020-04,237840,3572340,17,55496,2020,833546,7928,0.0
2020-05-28,Yellow,11237,206533,2603,2609,1298,15.4,5.7,15.9,5.6,11.9,0.67,0,2020-05,2020-05,348347,6402523,21,78659,2020,1445731,11237,0.0
2020-06-28,Yellow,18325,314459,2969,2965,1554,15.7,6.7,16.2,6.5,12.4,0.68,0,2020-06,2020-06,549750,9433770,25,128275,2020,2201213,18325,0.0
2020-07-28,Yellow,25816,438974,3988,3803,1952,15.9,7.1,15.7,6.8,12.5,0.69,0,2020-07,2020-07,800296,13608194,30,180712,2020,3072818,25816,0.0
2020-08-28,Yellow,32491,548752,5371,4754,2790,18.2,6.9,16.7,6.6,12.6,0.7,0,2020-08,2020-08,1007221,17011312,34,227437,2020,3841264,32491,0.0
2020-09-28,Yellow,44646,707226,5706,4910,3257,19.9,7.6,17.8,7.3,12.5,0.73,0,2020-09,2020-09,1339380,21216780,39,312522,2020,4950582,44646,0.0
2020-10-28,Yellow,54221,880080,6144,5092,3728,22.7,8.0,19.7,7.6,12.6,0.76,0,2020-10,2020-10,1680851,27282480,43,379547,2020,6160560,54221,0.0
2020-11-28,Yellow,50285,786213,6314,5208,3868,22.3,7.5,19.2,7.2,12.4,0.76,0,2020-11,2020-11,1508550,23586390,47,351995,2020,5503491,50285,0.0
2020-12-28,Yellow,47145,744835,6092,5142,3757,22.7,7.4,19.8,7.1,12.4,0.75,0,2020-12,2020-12,1461495,23089885,52,330015,2020,5213845,47145,0.0
2021-01-28,Yellow,44052,688811,5396,4625,3256,21.8,7.5,19.4,7.3,11.6,0.75,0,2021-01,2021-01,1365612,21353141,04,308364,2021,4821677,44052,0.0
2021-02-28,Yellow,48499,755115,5277,4496,3182,19.8,7.9,17.6,7.6,12.4,0.76,0,2021-02,2021-02,1357972,21143220,08,339493,2021,5285805,48499,0.0
2021-03-28,Yellow,61643,979149,5764,4718,3652,24.0,8.3,20.6,7.9,12.3,0.76,0,2021-03,2021-03,1910933,30353619,12,431501,2021,6854043,61643,0.0
2021-04-28,Yellow,71982,1182789,6103,4924,3889,23.7,8.6,20.2,8.1,13.0,0.77,0,2021-04,2021-04,2159460,35483670,17,503874,2021,8279523,71982,0.0
2021-05-28,Yellow,80499,1340447,6579,5228,4105,24.3,8.7,20.6,8.2,13.4,0.78,0,2021-05,2021-05,2495469,41553857,21,563493,2021,9383129,80499,0.0
2021-06-28,Yellow,94130,1607814,7084,5636,4570,24.3,9.1,20.8,8.4,14.1,0.78,0,2021-06,2021-06,2823900,48234420,26,658910,2021,11254698,94130,0.0
2021-07-28,Yellow,91011,1605062,7350,5782,4631,24.8,8.9,21.1,8.3,13.9,0.77,0,2021-07,2021-07,2821341,49756922,30,637077,2021,11235434,91011,0.0
2021-08-28,Yellow,89901,1611851,7471,5888,4700,24.7,8.8,21.1,8.2,13.9,0.77,0,2021-08,2021-08,2786931,49967381,34,629307,2021,11282957,89901,0.0
2021-09-28,Yellow,98724,1826391,8502,6218,5069,24.5,9.0,19.9,8.1,15.2,0.78,0,2021-09,2021-09,2961720,54791730,39,691068,2021,12784737,98724,0.0
2021-10-28,Yellow,111638,1993228,9154,6600,5555,26.1,9.5,21.7,8.2,15.1,0.79,0,2021-10,2021-10,3460778,61790068,43,781466,2021,13952596,111638,0.0
2021-11-28,Yellow,115660,2103014,9516,6810,5763,25.4,9.5,21.3,8.2,15.4,0.79,0,2021-11,2021-11,3469800,63090420,47,809620,2021,14721098,115660,0.0
2021-12-28,Yellow,103585,1903870,9552,6908,5657,25.4,9.0,21.5,7.7,15.2,0.77,0,2021-12,2021-12,3211135,59019970,52,725095,2021,13327090,103585,0.0
2022-01-28,Yellow,79213,1330596,8803,6653,4989,23.3,8.2,20.0,7.2,12.7,0.79,0,2022-01,2022-01,2455603,41248476,04,554491,2022,9314172,79213,0.0
2022-02-28,Yellow,106036,1805865,8989,6734,5591,23.2,9.1,20.1,7.9,14.0,0.8,0,2022-02,2022-02,2969008,50564220,09,742252,2022,12641055,106036,0.0
2022-03-28,Yellow,116629,2097334,9535,6984,5907,26.2,9.4,22.3,8.1,14.8,0.8,0,2022-03,2022-03,3615499,65017354,13,816403,2022,14681338,116629,0.0
2022-04-28,Yellow,119629,2219127,9560,7053,5975,25.4,9.4,21.9,8.0,15.4,0.79,0,2022-04,2022-04,3588870,66573810,17,837403,2022,15533889,119629,0.0
2022-05-28,Yellow,115449,2234977,9976,7149,5961,25.9,9.3,21.6,8.0,16.4,0.79,0,2022-05,2022-05,3578919,69284287,21,808143,2022,15644839,115449,0.0
2022-06-28,Yellow,105385,2057705,9980,7226,5490,22.8,9.4,19.5,7.9,16.4,0.79,0,2022-06,2022-06,3161550,61731150,26,737695,2022,14403935,105385,0.0
2022-07-28,Yellow,102052,1921789,9843,7156,5702,24.7,8.9,20.8,7.7,15.1,0.78,0,2022-07,2022-07,3163612,59575459,30,714364,2022,13452523,102052,0.0
2022-08-28,Yellow,101328,1918370,9678,7169,5823,25.2,8.8,21.6,7.6,15.4,0.78,0,2022-08,2022-08,3141168,59469470,34,709296,2022,13428590,101328,0.0
2022-09-28,Yellow,105740,2100507,10242,7373,6000,24.4,8.9,20.4,7.6,17.2,0.8,0,2022-09,2022-09,3172200,63015210,39,740180,2022,14703549,105740,0.0
2022-10-28,Yellow,118027,2293014,10730,7576,6437,26.3,9.2,21.9,7.8,16.6,0.8,0,2022-10,2022-10,3658837,71083434,43,826189,2022,16051098,118027,0.0
2022-11-28,Yellow,108146,2088897,10804,7685,6100,23.8,9.1,19.9,7.7,16.5,0.8,0,2022-11,2022-11,3244380,62666910,48,757022,2022,14622279,108146,0.0
2022-12-28,Yellow,109290,2358924,10749,7791,6529,26.0,8.7,22.0,7.5,16.9,0.79,0,2022-12,2022-12,3387990,73126644,52,765030,2022,16512468,109290,0.0
2023-01-28,Yellow,98569,2335375,10594,7737,6354,25.5,8.2,21.6,7.1,14.4,0.81,0,2023-01,2023-01,3055639,72396625,04,689983,2023,16347625,98569,0.0
